/*
Navicat MySQL Data Transfer

Source Server         : 本地MySQL
Source Server Version : 50618
Source Host           : localhost:3306
Source Database       : numysql

Target Server Type    : MYSQL
Target Server Version : 50618
File Encoding         : 65001

Date: 2015-04-19 01:42:39
*/

SET FOREIGN_KEY_CHECKS=0;

-- ----------------------------
-- Table structure for sys_app_user
-- ----------------------------
DROP TABLE IF EXISTS `sys_app_user`;
CREATE TABLE `sys_app_user` (
  `USER_ID` varchar(100) NOT NULL,
  `USERNAME` varchar(255) DEFAULT NULL,
  `PASSWORD` varchar(255) DEFAULT NULL,
  `NAME` varchar(255) DEFAULT NULL,
  `RIGHTS` varchar(255) DEFAULT NULL,
  `ROLE_ID` varchar(100) DEFAULT NULL,
  `LAST_LOGIN` varchar(255) DEFAULT NULL,
  `IP` varchar(100) DEFAULT NULL,
  `STATUS` varchar(32) DEFAULT NULL,
  `BZ` varchar(255) DEFAULT NULL,
  `PHONE` varchar(100) DEFAULT NULL,
  `SFID` varchar(100) DEFAULT NULL,
  `START_TIME` varchar(100) DEFAULT NULL,
  `END_TIME` varchar(100) DEFAULT NULL,
  `YEARS` int(10) DEFAULT NULL,
  `NUMBER` varchar(100) DEFAULT NULL,
  `EMAIL` varchar(32) DEFAULT NULL,
  PRIMARY KEY (`USER_ID`)
) ENGINE=InnoDB DEFAULT CHARSET=utf8;

-- ----------------------------
-- Records of sys_app_user
-- ----------------------------
INSERT INTO `sys_app_user` VALUES ('04762c0b28b643939455c7800c2e2412', 'dsfsd', 'f1290186a5d0b1ceab27f4e77c0c5d68', 'w', '', '55896f5ce3c0494fa6850775a4e29ff6', '', '', '1', '', '18766666666', '', '', '', '0', '001', '18766666666@qq.com');

-- ----------------------------
-- Table structure for sys_dictionaries
-- ----------------------------
DROP TABLE IF EXISTS `sys_dictionaries`;
CREATE TABLE `sys_dictionaries` (
  `ZD_ID` varchar(100) NOT NULL,
  `NAME` varchar(100) DEFAULT NULL,
  `BIANMA` varchar(100) DEFAULT NULL,
  `ORDY_BY` int(10) DEFAULT NULL,
  `PARENT_ID` varchar(100) DEFAULT NULL,
  `JB` int(10) DEFAULT NULL,
  `P_BM` varchar(1000) DEFAULT NULL,
  PRIMARY KEY (`ZD_ID`)
) ENGINE=InnoDB DEFAULT CHARSET=utf8;


-- ----------------------------
-- Table structure for sys_gl_qx
-- ----------------------------
DROP TABLE IF EXISTS `sys_gl_qx`;
CREATE TABLE `sys_gl_qx` (
  `GL_ID` varchar(100) NOT NULL,
  `ROLE_ID` varchar(100) DEFAULT NULL,
  `FX_QX` int(10) DEFAULT NULL,
  `FW_QX` int(10) DEFAULT NULL,
  `QX1` int(10) DEFAULT NULL,
  `QX2` int(10) DEFAULT NULL,
  `QX3` int(10) DEFAULT NULL,
  `QX4` int(10) DEFAULT NULL,
  PRIMARY KEY (`GL_ID`)
) ENGINE=InnoDB DEFAULT CHARSET=utf8;

-- ----------------------------
-- Records of sys_gl_qx
-- ----------------------------
INSERT INTO `sys_gl_qx` VALUES ('1', '2', '1', '1', '1', '1', '1', '1');
INSERT INTO `sys_gl_qx` VALUES ('2', '1', '0', '0', '1', '1', '1', '1');
INSERT INTO `sys_gl_qx` VALUES ('55896f5ce3c0494fa6850775a4e29ff6', '7', '0', '0', '1', '0', '0', '0');
INSERT INTO `sys_gl_qx` VALUES ('68f23fc0caee475bae8d52244dea8444', '7', '0', '0', '1', '1', '0', '0');
INSERT INTO `sys_gl_qx` VALUES ('7dfd8d1f7b6245d283217b7e63eec9b2', '1', '1', '1', '1', '0', '0', '0');
INSERT INTO `sys_gl_qx` VALUES ('ac66961adaa2426da4470c72ffeec117', '1', '1', '0', '1', '1', '0', '0');
INSERT INTO `sys_gl_qx` VALUES ('b0c77c29dfa140dc9b14a29c056f824f', '7', '1', '0', '1', '1', '0', '0');
INSERT INTO `sys_gl_qx` VALUES ('e74f713314154c35bd7fc98897859fe3', '6', '1', '1', '1', '1', '0', '0');
INSERT INTO `sys_gl_qx` VALUES ('f944a9df72634249bbcb8cb73b0c9b86', '7', '1', '1', '1', '1', '0', '0');

-- ----------------------------
-- Table structure for sys_menu
-- ----------------------------
DROP TABLE IF EXISTS `sys_menu`;
CREATE TABLE `sys_menu` (
  `MENU_ID` int(11) NOT NULL,
  `MENU_NAME` varchar(255) DEFAULT NULL,
  `MENU_URL` varchar(255) DEFAULT NULL,
  `PARENT_ID` varchar(100) DEFAULT NULL,
  `MENU_ORDER` varchar(100) DEFAULT NULL,
  `MENU_ICON` varchar(30) DEFAULT NULL,
  `MENU_TYPE` varchar(10) DEFAULT NULL,
  PRIMARY KEY (`MENU_ID`)
) ENGINE=InnoDB DEFAULT CHARSET=utf8;

-- ----------------------------
-- Records of sys_menu
-- ----------------------------
INSERT INTO `sys_menu` VALUES ('1', '系统管理', '#', '0', '1', 'icon-desktop', '1');
INSERT INTO `sys_menu` VALUES ('2', '组织管理', 'role.do', '1', '2', null, '1');
INSERT INTO `sys_menu` VALUES ('4', '会员管理', 'happuser/listUsers.do', '1', '4', null, '1');
INSERT INTO `sys_menu` VALUES ('5', '系统用户', 'user/listUsers.do', '1', '3', null, '1');
INSERT INTO `sys_menu` VALUES ('6', '信息管理', '#', '0', '2', 'icon-list-alt', '2');
INSERT INTO `sys_menu` VALUES ('7', '图片管理', 'pictures/list.do', '6', '1', null, '2');
INSERT INTO `sys_menu` VALUES ('8', '性能监控', 'druid/index.html', '9', '1', null, '1');
INSERT INTO `sys_menu` VALUES ('9', '系统工具', '#', '0', '3', 'icon-th', '1');
INSERT INTO `sys_menu` VALUES ('10', '接口测试', 'tool/interfaceTest.do', '9', '2', null, '1');
INSERT INTO `sys_menu` VALUES ('11', '发送邮件', 'tool/goSendEmail.do', '9', '3', null, '1');
INSERT INTO `sys_menu` VALUES ('12', '置二维码', 'tool/goTwoDimensionCode.do', '9', '4', null, '1');
INSERT INTO `sys_menu` VALUES ('13', '多级别树', 'tool/ztree.do', '9', '5', null, '1');
INSERT INTO `sys_menu` VALUES ('14', '地图工具', 'tool/map.do', '9', '6', null, '1');

-- ----------------------------
-- Table structure for sys_role
-- ----------------------------
DROP TABLE IF EXISTS `sys_role`;
CREATE TABLE `sys_role` (
  `ROLE_ID` varchar(100) NOT NULL,
  `ROLE_NAME` varchar(100) DEFAULT NULL,
  `RIGHTS` varchar(255) DEFAULT NULL,
  `PARENT_ID` varchar(100) DEFAULT NULL,
  `ADD_QX` varchar(255) DEFAULT NULL,
  `DEL_QX` varchar(255) DEFAULT NULL,
  `EDIT_QX` varchar(255) DEFAULT NULL,
  `CHA_QX` varchar(255) DEFAULT NULL,
  `QX_ID` varchar(100) DEFAULT NULL,
  PRIMARY KEY (`ROLE_ID`)
) ENGINE=InnoDB DEFAULT CHARSET=utf8;

-- ----------------------------
-- Records of sys_role
-- ----------------------------
INSERT INTO `sys_role` VALUES ('1', '系统管理员', '32758', '0', '1', '1', '1', '1', '1');
INSERT INTO `sys_role` VALUES ('2', '超级管理员', '32758', '1', '246', '50', '50', '38', '2');
INSERT INTO `sys_role` VALUES ('4', '用户组', '118', '0', '0', '0', '0', '0', null);
INSERT INTO `sys_role` VALUES ('55896f5ce3c0494fa6850775a4e29ff6', '特级会员', '498', '7', '0', '0', '0', '0', '55896f5ce3c0494fa6850775a4e29ff6');
INSERT INTO `sys_role` VALUES ('6', '客户组', '18', '0', '1', '1', '1', '1', null);
INSERT INTO `sys_role` VALUES ('68f23fc0caee475bae8d52244dea8444', '中级会员', '498', '7', '0', '0', '0', '0', '68f23fc0caee475bae8d52244dea8444');
INSERT INTO `sys_role` VALUES ('7', '会员组', '498', '0', '0', '0', '0', '1', null);
INSERT INTO `sys_role` VALUES ('7dfd8d1f7b6245d283217b7e63eec9b2', '管理员B', '32758', '1', '246', '0', '0', '0', '7dfd8d1f7b6245d283217b7e63eec9b2');
INSERT INTO `sys_role` VALUES ('ac66961adaa2426da4470c72ffeec117', '管理员A', '32758', '1', '54', '54', '0', '246', 'ac66961adaa2426da4470c72ffeec117');
INSERT INTO `sys_role` VALUES ('b0c77c29dfa140dc9b14a29c056f824f', '高级会员', '498', '7', '0', '0', '0', '0', 'b0c77c29dfa140dc9b14a29c056f824f');
INSERT INTO `sys_role` VALUES ('e74f713314154c35bd7fc98897859fe3', '黄金客户', '18', '6', '1', '1', '1', '1', 'e74f713314154c35bd7fc98897859fe3');
INSERT INTO `sys_role` VALUES ('f944a9df72634249bbcb8cb73b0c9b86', '初级会员', '498', '7', '1', '1', '1', '1', 'f944a9df72634249bbcb8cb73b0c9b86');

-- ----------------------------
-- Table structure for sys_user
-- ----------------------------
DROP TABLE IF EXISTS `sys_user`;
CREATE TABLE `sys_user` (
  `USER_ID` varchar(100) NOT NULL,
  `USERNAME` varchar(255) DEFAULT NULL,
  `PASSWORD` varchar(255) DEFAULT NULL,
  `NAME` varchar(255) DEFAULT NULL,
  `RIGHTS` varchar(255) DEFAULT NULL,
  `ROLE_ID` varchar(100) DEFAULT NULL,
  `LAST_LOGIN` varchar(255) DEFAULT NULL,
  `IP` varchar(100) DEFAULT NULL,
  `STATUS` varchar(32) DEFAULT NULL,
  `BZ` varchar(255) DEFAULT NULL,
  `SKIN` varchar(100) DEFAULT NULL,
  `EMAIL` varchar(32) DEFAULT NULL,
  `NUMBER` varchar(100) DEFAULT NULL,
  `PHONE` varchar(32) DEFAULT NULL,
  PRIMARY KEY (`USER_ID`)
) ENGINE=InnoDB DEFAULT CHARSET=utf8;

-- ----------------------------
-- Records of sys_user
-- ----------------------------
INSERT INTO `sys_user` VALUES ('089d664844f8441499955b3701696fc0', 'fushide', '67bc304642856b709dfeb907b92cc7e10e0b02f2', '富师德', '', '2', '', '', '0', '18629359', 'default', 'asdadf@qq.com', '1231', '18766666666');
INSERT INTO `sys_user` VALUES ('0b3f2ab1896b47c097a81d322697446a', 'zhangsan', 'c4ca4238a0b923820dcc509a6f75849b', '张三', '', '2', '2015-01-02 12:04:51', '127.0.0.1', '0', '小张', 'default', 'wwwwq@qq.com', '1101', '18788888888');
INSERT INTO `sys_user` VALUES ('0e2da7c372e147a0b67afdf4cdd444a3', 'dfsdf', 'c49639f0b2c5dda506b777a1e518990e9a88a221', 'wqeqw', '', 'e74f713314154c35bd7fc98897859fe3', '', '', '0', 'ff', 'default', 'q324@qq.com', 'dsfsdddd', '18767676767');
INSERT INTO `sys_user` VALUES ('1', 'admin', 'de41b7fb99201d8334c23c014db35ecd92df81bc', '系统管理员', '1133671055321055258374707980945218933803269864762743594642571294', '1', '2015-04-19 01:38:08', '127.0.0.1', '0', '最高统治者', 'default', 'admin@main.com', '001', '18788888888');
INSERT INTO `sys_user` VALUES ('b825f152368549069be79e1d34184afa', 'san', '9b69448e5ac7f9e7544732aaba4bb8e8885ccbe1', '三', '', '2', '', '', '0', 'sdfsdgf', 'default', 'sdfsdf@qq.com', 'sdsaw22', '2147483647');
INSERT INTO `sys_user` VALUES ('be025a79502e433e820fac37ddb1cfc2', 'zhangsan570256', '42f7554cb9c00e11ef16543a2c86ade815b79faa', '张三', '', '2', '', '', '0', '小张', 'default', 'zhangsan@www.com', '21101', '2147483647');

-- ----------------------------
-- Table structure for sys_user_qx
-- ----------------------------
DROP TABLE IF EXISTS `sys_user_qx`;
CREATE TABLE `sys_user_qx` (
  `U_ID` varchar(100) NOT NULL,
  `C1` int(10) DEFAULT NULL,
  `C2` int(10) DEFAULT NULL,
  `C3` int(10) DEFAULT NULL,
  `C4` int(10) DEFAULT NULL,
  `Q1` int(10) DEFAULT NULL,
  `Q2` int(10) DEFAULT NULL,
  `Q3` int(10) DEFAULT NULL,
  `Q4` int(10) DEFAULT NULL,
  PRIMARY KEY (`U_ID`)
) ENGINE=InnoDB DEFAULT CHARSET=utf8;

-- ----------------------------
-- Records of sys_user_qx
-- ----------------------------
INSERT INTO `sys_user_qx` VALUES ('1', '1', '0', '0', '0', '0', '0', '0', '0');
INSERT INTO `sys_user_qx` VALUES ('2', '1', '1', '1', '1', '1', '1', '1', '1');
INSERT INTO `sys_user_qx` VALUES ('55896f5ce3c0494fa6850775a4e29ff6', '0', '0', '0', '0', '0', '0', '0', '0');
INSERT INTO `sys_user_qx` VALUES ('68f23fc0caee475bae8d52244dea8444', '0', '0', '0', '0', '0', '0', '0', '0');
INSERT INTO `sys_user_qx` VALUES ('7dfd8d1f7b6245d283217b7e63eec9b2', '0', '0', '0', '0', '0', '0', '0', '0');
INSERT INTO `sys_user_qx` VALUES ('ac66961adaa2426da4470c72ffeec117', '0', '0', '0', '0', '0', '0', '0', '0');
INSERT INTO `sys_user_qx` VALUES ('b0c77c29dfa140dc9b14a29c056f824f', '0', '0', '0', '0', '0', '0', '0', '0');
INSERT INTO `sys_user_qx` VALUES ('e74f713314154c35bd7fc98897859fe3', '0', '0', '0', '0', '0', '0', '0', '0');
INSERT INTO `sys_user_qx` VALUES ('f944a9df72634249bbcb8cb73b0c9b86', '0', '0', '0', '0', '0', '0', '0', '0');

COLLATE='utf8_general_ci'
ENGINE=InnoDB
AUTO_INCREMENT=21
;
